rank,name,origin,frequency
1,Peeters,flemish,26903
2,Janssens,flemish,23914
3,Maes,flemish,20885
4,Jacobs,flemish,15901
5,Willems,flemish,14323
6,Mertens,flemish,14264
7,Claes,flemish,13142
8,Wouters,flemish,12925
9,Goossens,flemish,12627
10,Smet,flemish,11639
11,Vermeulen,flemish,11018
12,Pauwels,flemish,10836
13,Aerts,flemish,10705
14,Hermans,flemish,10375
15,Martens,flemish,9424
16,Michiels,flemish,8776
17,Vos,flemish,8631
18,Claeys,flemish,8503
19,Clercq,flemish,8244
20,Smets,flemish,8144
21,Damme,flemish,8127
22,Hendrickx,flemish,7887
23,Janssen,flemish,7641
24,Desmet,flemish,7525
25,Velde,flemish,7472
26,Stevens,flemish,7327
27,Segers,flemish,7191
28,Backer,flemish,7175
29,Lemmens,flemish,6949
30,Broeck,flemish,6663
31,Coppens,flemish,6437
32,Cools,flemish,6236
33,Devos,flemish,6211
34,Verhoeven,flemish,6155
35,Cock,flemish,6115
36,Smedt,flemish,5739
37,Verstraete,flemish,5439
38,Meyer,flemish,5429
39,Verheyen,flemish,5429
40,Wauters,flemish,5425
41,Baert,flemish,5308
42,Lauwers,flemish,5130
43,Wilde,flemish,5123
44,Pauw,flemish,5028
45,Geerts,flemish,4940
46,Verbeke,flemish,4925
47,Ridder,flemish,4896
48,Lenaerts,flemish,4888
49,Declercq,flemish,4875
50,Cornelis,flemish,4842
51,Vandenberghe,flemish,4766
52,Vermeiren,flemish,4761
53,Thys,flemish,4758
54,Lambrechts,flemish,4680
55,Bosmans,flemish,4672
56,Moens,flemish,4660
57,Verlinden,flemish,4636
58,Wuyts,flemish,4588
59,Verschueren,flemish,4574
60,Bogaert,flemish,4547
61,Dyck,flemish,4537
62,Timmermans,flemish,4537
63,Vermeersch,flemish,4460
64,Heylen,flemish,4440
65,Jansen,flemish,4403
66,Bogaerts,flemish,4378
67,Christiaens,flemish,4377
68,Thijs,flemish,4252
69,Verstraeten,flemish,4221
70,Bauwens,flemish,4219
71,Bossche,flemish,4188
72,Verhaeghe,flemish,4086
73,Pieters,flemish,4065
74,Goethals,flemish,4047
75,Nijs,flemish,3919
76,Hoof,flemish,3903
77,Simons,flemish,3902
78,Dierckx,flemish,3889
79,Groote,flemish,3879
80,Lievens,flemish,3877
81,Ceulemans,flemish,3867
82,Claessens,flemish,3789
83,Hecke,flemish,3784
84,Verhelst,flemish,3774
85,Acker,flemish,3763
86,Vercammen,flemish,3729
87,Luyten,flemish,3692
88,Roels,flemish,3654
89,Vervoort,flemish,3635
90,Gielen,flemish,3627
91,Coninck,flemish,3623
92,Verbruggen,flemish,3582
93,Verhaegen,flemish,3575
94,Daems,flemish,3539
95,Raes,flemish,3532
96,Somers,flemish,3531
97,Callens,flemish,3518
98,Cuypers,flemish,3507
99,Vandamme,flemish,3494
100,Winter,flemish,3475
101,Vercauteren,flemish,3440
102,Verdonck,flemish,3437
103,Witte,flemish,3389
104,Matthys,flemish,3380
105,Huysmans,flemish,3376
106,Verbeeck,flemish,3334
107,Bruyn,flemish,3313
108,Andries,flemish,3308
109,Beckers,flemish,3285
110,Vercruysse,flemish,3285
111,Bock,flemish,3281
112,Bruyne,flemish,3277
113,Hove,flemish,3259
114,Declerck,flemish,3255
115,Vanneste,flemish,3246
116,Swinnen,flemish,3237
117,Bergh,flemish,3185
118,Nys,flemish,3173
119,Vandewalle,flemish,3166
120,Wolf,flemish,3126
121,Smeets,flemish,3111
122,Verhulst,flemish,3110
123,Coster,flemish,3109
124,Smits,flemish,3089
125,Vandevelde,flemish,3078
126,Eynde,flemish,3066
127,Clerck,flemish,3064
128,Decker,flemish,3061
129,Daele,flemish,3057
130,Baeyens,flemish,3055
131,Goris,flemish,3048
132,Waele,flemish,3029
133,Geens,flemish,3020
134,Engelen,flemish,3000
135,Huybrechts,flemish,2995
136,Vanhoutte,flemish,2989
137,Dewulf,flemish,2986
138,Goethem,flemish,2971
139,Moons,flemish,2946
140,Boeck,flemish,2945
141,Keyser,flemish,2943
142,Meeus,flemish,2937
143,Vanhove,flemish,2933
144,Mariën,flemish,2920
145,Mortier,flemish,2914
146,Verheyden,flemish,2913
147,Leemans,flemish,2908
148,Jans,flemish,2903
149,Deckers,flemish,2896
150,Wit,flemish,2863
151,Dierickx,flemish,2859
152,Deprez,flemish,2808
153,Dhondt,flemish,2798
154,Vandeputte,flemish,2772
155,Camp,flemish,2750
156,Schepers,flemish,2748
157,Vandenbussche,flemish,2747
158,Coenen,flemish,2732
159,Diallo,flemish,2727
160,Dupont,flemish,2726
161,Nuyts,flemish,2713
162,Brande,flemish,2712
163,Temmerman,flemish,2704
164,Vandendriessche,flemish,2698
165,Reynders,flemish,2672
166,Sterckx,flemish,2671
167,Helsen,flemish,2650
168,Looy,flemish,2646
169,Houben,flemish,2641
170,Vandenbroucke,flemish,2641
171,Schepper,flemish,2633
172,Maertens,flemish,2632
173,Claus,flemish,2610
174,Huyghe,flemish,2600
175,Bekaert,flemish,2599
176,Vaes,flemish,2586
177,Boonen,flemish,2564
178,Vermeire,flemish,2560
179,Ooms,flemish,2555
180,Baeten,flemish,2541
181,Eeckhout,flemish,2540
182,Vandaele,flemish,2531
183,Lambrecht,flemish,2523
184,Luyckx,flemish,2519
185,Berghe,flemish,2519
186,Meert,flemish,2510
187,Bollen,flemish,2509
188,Blomme,flemish,2504
189,Bracke,flemish,2495
190,Engels,flemish,2471
191,Herck,flemish,2461
192,Torfs,flemish,2459
193,Driesen,flemish,2458
194,Moor,flemish,2438
195,Boone,flemish,2433
196,Paepe,flemish,2397
197,Moerman,flemish,2360
198,Jonghe,flemish,2346
199,Voorde,flemish,2339
200,Debruyne,flemish,2337
201,Dewaele,flemish,2335
202,Callewaert,flemish,2330
203,Block,flemish,2323
204,Laet,flemish,2320
205,Leys,flemish,2289
206,Vranken,flemish,2283
207,Vandekerckhove,flemish,2280
208,Bie,flemish,2279
209,Schepens,flemish,2262
210,Verelst,flemish,2247
211,Ali,flemish,2245
212,Everaert,flemish,2230
213,Decock,flemish,2216
214,Tanghe,flemish,2212
215,Walle,flemish,2210
216,Driessche,flemish,2203
217,Roeck,flemish,2201
218,Leysen,flemish,2193
219,Maeyer,flemish,2188
220,Verbist,flemish,2186
221,Roy,flemish,2182
222,Poppe,flemish,2170
223,Rompaey,flemish,2168
224,Bosch,flemish,2164
225,Govaerts,flemish,2157
226,Laere,flemish,2155
227,Assche,flemish,2151
228,Baets,flemish,2151
229,Baetens,flemish,2146
230,Ahmed,flemish,2138
231,Dobbelaere,flemish,2124
232,Jonckheere,flemish,2112
233,Merckx,flemish,2100
234,D'hondt,flemish,2091
235,Tack,flemish,2088
236,Bonte,flemish,2072
237,Vansteenkiste,flemish,2072
238,Viaene,flemish,2069
239,Verboven,flemish,2065
240,Looveren,flemish,2062
241,Belle,flemish,2060
242,Pattyn,flemish,2054
243,Dessel,flemish,2052
244,Decoster,flemish,2040
245,Michielsen,flemish,2037
246,Heymans,flemish,2035
247,Naessens,flemish,2029
248,Sutter,flemish,2011
249,Wellens,flemish,2002
250,Gorp,flemish,1998
251,Vandecasteele,flemish,1997
252,Thomas,flemish,1993
253,Hoste,flemish,1988
254,D'Hondt,flemish,1981
255,Lippens,flemish,1981
256,Daniels,flemish,1972
257,Philips,flemish,1955
258,Renders,flemish,1950
259,Moors,flemish,1948
260,Geeraerts,flemish,1944
261,Laenen,flemish,1944
262,Mestdagh,flemish,1929
263,Vanderstraeten,flemish,1926
264,Lambert,flemish,1921
265,Buysse,flemish,1917
266,Mahieu,flemish,1916
267,Loo,flemish,1914
268,Staelens,flemish,1914
269,Desmedt,flemish,1913
270,Dijck,flemish,1912
271,Willaert,flemish,1898
272,Greef,flemish,1893
273,Dillen,flemish,1892
274,Neve,flemish,1885
275,Smolders,flemish,1878
276,Beeck,flemish,1878
277,Graeve,flemish,1867
278,Cox,flemish,1867
279,Buelens,flemish,1864
280,Roelandt,flemish,1863
281,Bertels,flemish,1860
282,Melis,flemish,1858
283,Vuyst,flemish,1855
284,Horemans,flemish,1845
285,Proost,flemish,1838
286,Gestel,flemish,1830
287,Vrancken,flemish,1811
288,Depoorter,flemish,1804
289,Callebaut,flemish,1802
290,Demuynck,flemish,1802
291,Laureys,flemish,1778
292,Heyvaert,flemish,1777
293,Rutten,flemish,1776
294,Roose,flemish,1765
295,Joris,flemish,1762
296,Hellemans,flemish,1760
297,Rosseel,flemish,1760
298,Put,flemish,1759
299,Parmentier,flemish,1759
300,Goovaerts,flemish,1753
301,Feys,flemish,1748
302,Steyaert,flemish,1746
303,Casier,flemish,1741
304,Peters,flemish,1736
305,Lammens,flemish,1735
306,Bruggeman,flemish,1731
307,Wachter,flemish,1723
308,Celis,flemish,1720
309,Loon,flemish,1719
310,Laer,flemish,1718
311,Bah,flemish,1716
312,Vanhee,flemish,1716
313,Loos,flemish,1714
314,David,flemish,1704
315,Cuyper,flemish,1701
316,Meester,flemish,1700
317,Liekens,flemish,1696
318,Rogiers,flemish,1695
319,Gevaert,flemish,1693
320,Rycke,flemish,1687
321,Sels,flemish,1686
322,Vereecken,flemish,1674
323,Schutter,flemish,1674
324,Faes,flemish,1673
325,Samyn,flemish,1669
326,Auwera,flemish,1661
327,Heremans,flemish,1660
328,Vissers,flemish,1658
329,Buyse,flemish,1657
330,Schoofs,flemish,1656
331,Bondt,flemish,1654
332,Dewitte,flemish,1652
333,Denys,flemish,1648
334,Fransen,flemish,1642
335,Vermeir,flemish,1641
336,Depuydt,flemish,1638
337,Rombouts,flemish,1635
338,Willekens,flemish,1634
339,Timmerman,flemish,1634
340,Kaur,flemish,1630
341,François,flemish,1630
342,Degryse,flemish,1630
343,Borremans,flemish,1629
344,Raeymaekers,flemish,1618
345,Vereecke,flemish,1618
346,Ryck,flemish,1617
347,Ramaekers,flemish,1617
348,Sabbe,flemish,1616
349,Bruycker,flemish,1614
350,Adriaensen,flemish,1608
351,Bruyninckx,flemish,1596
352,Stroobants,flemish,1593
353,Bossuyt,flemish,1592
354,Colpaert,flemish,1590
355,Joos,flemish,1583
356,Dejonghe,flemish,1579
357,Belmans,flemish,1576
358,Bruneel,flemish,1567
359,Adams,flemish,1566
360,Impe,flemish,1565
361,Reynaert,flemish,1561
362,Mey,flemish,1556
363,Kerkhofs,flemish,1555
364,Sanders,flemish,1553
365,Kenis,flemish,1538
366,Mees,flemish,1535
367,Boeckx,flemish,1530
368,Knockaert,flemish,1529
369,Campenhout,flemish,1527
370,Verfaillie,flemish,1527
371,Verbiest,flemish,1525
372,Genechten,flemish,1523
373,Theunis,flemish,1517
374,Marien,flemish,1516
375,Fierens,flemish,1516
376,Deceuninck,flemish,1514
377,Pollet,flemish,1513
378,Roosen,flemish,1512
379,Herman,flemish,1510
380,Theys,flemish,1507
381,Seghers,flemish,1507
382,Vervaet,flemish,1505
383,Demeyere,flemish,1501
384,Landeghem,flemish,1499
385,Weerdt,flemish,1498
386,Vanderheyden,flemish,1497
387,Hoecke,flemish,1496
388,Devriendt,flemish,1494
389,Holvoet,flemish,1492
390,Blondeel,flemish,1489
391,Beernaert,flemish,1484
392,Geudens,flemish,1478
393,Mulder,flemish,1476
394,Breugelmans,flemish,1474
395,Huys,flemish,1473
396,Braem,flemish,1472
397,Dockx,flemish,1470
398,Rombaut,flemish,1467
399,Delaere,flemish,1464
400,Meersman,flemish,1460
401,Nuffel,flemish,1458
402,Deconinck,flemish,1456
403,Carlier,flemish,1455
404,Neyens,flemish,1455
405,Beyens,flemish,1444
406,Loock,flemish,1440
407,Wulf,flemish,1439
408,Deleu,flemish,1436
409,Neirynck,flemish,1428
410,Verwimp,flemish,1425
411,Slegers,flemish,1419
412,Schrijver,flemish,1413
413,Claesen,flemish,1412
414,Schryver,flemish,1411
415,Poelmans,flemish,1411
416,Standaert,flemish,1410
417,Coene,flemish,1407
418,Vanderlinden,flemish,1406
419,Vergauwen,flemish,1402
420,Vinck,flemish,1401
421,Degroote,flemish,1393
422,Vranckx,flemish,1392
423,Roover,flemish,1389
424,Devolder,flemish,1388
425,Dekeyser,flemish,1386
426,Demeulenaere,flemish,1385
427,Boon,flemish,1384
428,Vervaeke,flemish,1382
429,Broeckx,flemish,1375
430,Bouckaert,flemish,1372
431,Vermeylen,flemish,1365
432,Baelen,flemish,1362
433,Poucke,flemish,1361
434,Baere,flemish,1354
435,Beeckman,flemish,1349
436,Muynck,flemish,1348
437,Voet,flemish,1347
438,Moreels,flemish,1344
439,Berghmans,flemish,1343
440,Ceuppens,flemish,1342
441,Blommaert,flemish,1341
442,Verstappen,flemish,1338
443,Hens,flemish,1337
444,Galle,flemish,1337
445,Swennen,flemish,1328
446,Wynants,flemish,1325
447,Dierick,flemish,1323
448,Neven,flemish,1322
449,Lierde,flemish,1319
450,Groof,flemish,1312
451,Simoens,flemish,1310
452,Matthijs,flemish,1308
453,Praet,flemish,1303
454,Nelissen,flemish,1302
455,Vlaeminck,flemish,1301
456,Troch,flemish,1291
457,Vleugels,flemish,1289
458,Saelens,flemish,1288
459,Demeyer,flemish,1285
460,Derycke,flemish,1284
461,Naert,flemish,1284
462,Brouwers,flemish,1283
463,Adriaenssens,flemish,1279
464,Cuyvers,flemish,1279
465,Hulle,flemish,1279
466,Verbrugghe,flemish,1272
467,Leeuw,flemish,1269
468,Raemdonck,flemish,1269
469,Gillis,flemish,1266
470,Dooren,flemish,1263
471,Colman,flemish,1262
472,Maris,flemish,1262
473,Moonen,flemish,1261
474,Snauwaert,flemish,1258
475,Machiels,flemish,1256
476,Deman,flemish,1255
477,Schreurs,flemish,1254
478,Roo,flemish,1249
479,Tielemans,flemish,1247
480,Kasmi,flemish,1244
481,Parys,flemish,1244
482,Malfait,flemish,1242
483,Gijbels,flemish,1237
484,Casteleyn,flemish,1235
485,Vaerenbergh,flemish,1234
486,Goyvaerts,flemish,1227
487,Hanssens,flemish,1227
488,Vanbrabant,flemish,1222
489,Stas,flemish,1221
490,Linden,flemish,1219
491,Dewilde,flemish,1216
492,Geuens,flemish,1215
493,Schuermans,flemish,1213
494,Baele,flemish,1204
495,Verbraeken,flemish,1203
496,Vanlerberghe,flemish,1203
497,Eggermont,flemish,1200
498,Hendrikx,flemish,1198
499,Kerckhove,flemish,1195
500,Bervoets,flemish,1194
501,Rottiers,flemish,1193
502,Mol,flemish,1192
503,Laethem,flemish,1187
504,Verhaert,flemish,1182
505,Diels,flemish,1180
506,Demeulemeester,flemish,1178
507,Vandenbulcke,flemish,1177
508,Meyers,flemish,1173
509,Polfliet,flemish,1165
510,Veken,flemish,1164
511,Steegmans,flemish,1164
512,Hofman,flemish,1162
513,Braeckman,flemish,1159
514,Storms,flemish,1158
515,Gabriels,flemish,1158
516,Serneels,flemish,1158
517,Scheers,flemish,1156
518,Neyt,flemish,1156
519,Heuvel,flemish,1155
520,Seynaeve,flemish,1155
521,Bernaerts,flemish,1153
522,Vriendt,flemish,1153
523,Corte,flemish,1151
524,Barry,flemish,1150
525,Jaeger,flemish,1145
526,Winters,flemish,1145
527,Shinwari,flemish,1144
528,Goemaere,flemish,1143
529,Soenen,flemish,1140
530,Vandenabeele,flemish,1139
531,Vanhoof,flemish,1135
532,Claerhout,flemish,1132
533,Vangeel,flemish,1127
534,Vergote,flemish,1127
535,Staes,flemish,1125
536,Vandeweyer,flemish,1125
537,Werbrouck,flemish,1121
538,Verlinde,flemish,1119
539,Aelbrecht,flemish,1118
540,Verstrepen,flemish,1116
541,Cooreman,flemish,1116
542,Opstal,flemish,1113
543,Geukens,flemish,1113
544,Smekens,flemish,1113
545,Camps,flemish,1110
546,Wils,flemish,1105
547,Thienpont,flemish,1105
548,Valcke,flemish,1105
549,Smeyers,flemish,1104
550,Schelfhout,flemish,1104
551,Konings,flemish,1103
552,Dujardin,flemish,1102
553,Cauwenberghe,flemish,1102
554,Cornelissen,flemish,1101
555,Heirman,flemish,1093
556,Martin,flemish,1090
557,Govaert,flemish,1088
558,Bellens,flemish,1087
559,Mustafa,flemish,1083
560,Coopman,flemish,1080
561,Seys,flemish,1079
562,Gucht,flemish,1077
563,Bosman,flemish,1076
564,Bruyneel,flemish,1073
565,Volders,flemish,1072
566,Vyver,flemish,1071
567,Swerts,flemish,1071
568,Descamps,flemish,1070
569,Geldhof,flemish,1070
570,Neef,flemish,1069
571,Vanacker,flemish,1069
572,Buys,flemish,1068
573,Dams,flemish,1067
574,Vancoillie,flemish,1067
575,Hendriks,flemish,1064
576,Bex,flemish,1064
577,Dhont,flemish,1064
578,Kerckhoven,flemish,1063
579,Noppe,flemish,1063
580,Maenhout,flemish,1061
581,Vuylsteke,flemish,1059
582,Winne,flemish,1059
583,Wolfs,flemish,1058
584,Keppens,flemish,1057
585,Laeremans,flemish,1057
586,Renterghem,flemish,1057
587,Zutter,flemish,1054
588,Vervloet,flemish,1051
589,Borght,flemish,1051
590,Gilis,flemish,1050
591,Volckaert,flemish,1050
592,Bastiaens,flemish,1049
593,Droogenbroeck,flemish,1048
594,Doms,flemish,1046
595,Lannoo,flemish,1044
596,Adam,flemish,1039
597,Bijnens,flemish,1038
598,Caers,flemish,1037
599,Vanhees,flemish,1036
600,Mouton,flemish,1036
601,Reeth,flemish,1035
602,Bael,flemish,1034
603,Wyns,flemish,1031
604,Roelants,flemish,1030
605,Mannaerts,flemish,1028
606,Landuyt,flemish,1028
607,Maesschalck,flemish,1026
608,Devriese,flemish,1023
609,Kerremans,flemish,1021
610,Audenaert,flemish,1019
611,Blockx,flemish,1018
612,Windels,flemish,1018
613,Schollaert,flemish,1017
614,Frans,flemish,1016
615,Spruyt,flemish,1015
616,Demey,flemish,1015
617,Achten,flemish,1011
618,Aken,flemish,1010
619,Wever,flemish,1010
620,Theunissen,flemish,1010
621,Vandersmissen,flemish,1009
622,Hofmans,flemish,1008
623,Cooman,flemish,1008
624,Creemers,flemish,1007
625,Truyens,flemish,1006
626,Vooren,flemish,1005
627,Provoost,flemish,1004
628,Herremans,flemish,1000
629,Meulemans,flemish,1000
630,Buck,flemish,999
631,Vanhaverbeke,flemish,998
632,Geysen,flemish,997
633,Meuleman,flemish,997
634,Haegeman,flemish,994
635,Gurung,flemish,993
636,Vandeput,flemish,993
637,Vandevoorde,flemish,993
638,Embrechts,flemish,992
639,Verplancke,flemish,992
640,Danneels,flemish,990
641,Hannes,flemish,989
642,Nagels,flemish,987
643,Pelgrims,flemish,987
644,Geest,flemish,986
645,Bielen,flemish,986
646,Hendrix,flemish,985
647,Carpentier,flemish,979
648,Malderen,flemish,974
649,Jaspers,flemish,973
650,Wille,flemish,972
651,Billen,flemish,970
652,Briers,flemish,968
653,Bloemen,flemish,966
654,Eyckmans,flemish,964
655,De Velde,flemish,964
656,Duyck,flemish,964
657,Coomans,flemish,963
658,Peetermans,flemish,963
659,Berisha,flemish,961
660,Decorte,flemish,959
661,Thielemans,flemish,958
662,Mechelen,flemish,957
663,Gerits,flemish,957
664,Verbeek,flemish,956
665,Lootens,flemish,954
666,Verachtert,flemish,951
667,Prins,flemish,951
668,Buytaert,flemish,950
669,Mohamed,flemish,949
670,Goeminne,flemish,948
671,Ahmadi,flemish,947
672,Degraeve,flemish,946
673,Evens,flemish,944
674,Deroo,flemish,944
675,Struyf,flemish,943
676,Lefevre,flemish,943
677,Franck,flemish,942
678,Vlieger,flemish,942
679,Balcaen,flemish,941
680,Croes,flemish,940
681,Wagemans,flemish,938
682,Buggenhout,flemish,938
683,Dries,flemish,936
684,Vanden Berghe,flemish,935
685,Biesmans,flemish,933
686,Huygens,flemish,931
687,Velghe,flemish,931
688,Vantomme,flemish,930
689,Jordens,flemish,929
690,Soete,flemish,926
691,Vanherck,flemish,925
692,Ceuster,flemish,924
693,Verschaeve,flemish,923
694,Broos,flemish,922
695,Cocquyt,flemish,922
696,Six,flemish,921
697,Dejonckheere,flemish,921
698,Vyncke,flemish,920
699,Tytgat,flemish,920
700,Boons,flemish,918
701,Hoornaert,flemish,918
702,Meeusen,flemish,917
703,Strobbe,flemish,917
704,Dirkx,flemish,916
705,Bergmans,flemish,915
706,Nieuwenhove,flemish,915
707,Eerdekens,flemish,915
708,Depoortere,flemish,914
709,Chen,flemish,912
710,Blanckaert,flemish,912
711,Franssen,flemish,911
712,Riet,flemish,910
713,Adriaens,flemish,909
714,Ryckaert,flemish,908
715,Troyer,flemish,908
716,Poorter,flemish,908
717,Schoeters,flemish,905
718,Geeroms,flemish,905
719,Jespers,flemish,904
720,Sonck,flemish,904
721,Elsen,flemish,904
722,Cool,flemish,903
723,Vanhecke,flemish,902
724,Maesen,flemish,901
725,Billiet,flemish,901
726,Plessers,flemish,901
727,Dam,flemish,900
728,Munck,flemish,900
729,Roey,flemish,900
730,Voets,flemish,900
731,Saenen,flemish,899
732,Snoeck,flemish,899
733,Man,flemish,898
734,Hasan,flemish,897
735,Vandermeulen,flemish,894
736,Vandebroek,flemish,893
737,Boeykens,flemish,892
738,Lens,flemish,892
739,Tielens,flemish,892
740,Cauwenbergh,flemish,891
741,Gevers,flemish,890
742,Haes,flemish,890
743,Knaepen,flemish,890
744,Daelemans,flemish,884
745,D'Haese,flemish,884
746,Wispelaere,flemish,884
747,Branden,flemish,883
748,Verschuere,flemish,883
749,Cauter,flemish,882
750,Ceyssens,flemish,882
751,Elst,flemish,880
752,Beule,flemish,880
753,Vleminckx,flemish,879
754,Hout,flemish,879
755,Geyter,flemish,879
756,Dingenen,flemish,877
757,Schellekens,flemish,875
758,Schrijvers,flemish,874
759,Panis,flemish,873
760,Coucke,flemish,873
761,Brosens,flemish,872
762,Abbeele,flemish,872
763,Buyle,flemish,872
764,Daenen,flemish,871
765,Reniers,flemish,870
766,Muylaert,flemish,870
767,Verdoodt,flemish,869
768,Herreweghe,flemish,868
769,Geyskens,flemish,866
770,Haeck,flemish,865
771,Colson,flemish,863
772,Moortgat,flemish,862
773,Minne,flemish,862
774,Spiessens,flemish,861
775,Geurts,flemish,861
776,Cappelle,flemish,861
777,Crombez,flemish,861
778,Degrande,flemish,859
779,Vangheluwe,flemish,858
780,Vekemans,flemish,857
781,Aerschot,flemish,857
782,Vertommen,flemish,857
783,Abeele,flemish,856
784,Craene,flemish,856
785,Clarysse,flemish,856
786,Rogge,flemish,852
787,Coussement,flemish,851
788,Kindt,flemish,847
789,Ibrahim,flemish,846
790,Mangelschots,flemish,846
791,Boever,flemish,845
792,Berckmans,flemish,841
793,Dewit,flemish,841
794,Frederickx,flemish,839
795,Herdt,flemish,837
796,Walravens,flemish,837
797,Rooy,flemish,835
798,Keyzer,flemish,835
799,Vandoorne,flemish,833
800,Vermote,flemish,832
801,Sas,flemish,831
802,Rouck,flemish,831
803,Cardon,flemish,831
804,Persyn,flemish,831
805,Cuvelier,flemish,831
806,Goeman,flemish,830
807,Vandormael,flemish,830
808,Vandewiele,flemish,829
809,Gielis,flemish,826
810,Wens,flemish,825
811,Wijnants,flemish,825
812,Köse,flemish,824
813,Poels,flemish,824
814,Tavernier,flemish,824
815,Calster,flemish,823
816,Bellemans,flemish,822
817,Reyniers,flemish,820
818,Lemaire,flemish,820
819,Peteghem,flemish,819
820,Braet,flemish,815
821,Vliegen,flemish,815
822,Menten,flemish,813
823,Gompel,flemish,811
824,Scheerlinck,flemish,810
825,Ruyck,flemish,809
826,Vanhooren,flemish,808
827,Kennes,flemish,806
828,Dom,flemish,804
829,Nulens,flemish,803
830,Daniëls,flemish,802
831,Verheye,flemish,802
832,Wilms,flemish,801
833,Daneels,flemish,800
834,Baerdemaeker,flemish,800
835,Vanwynsberghe,flemish,800
836,Doninck,flemish,799
837,Peuter,flemish,798
838,Apers,flemish,797
839,Roelens,flemish,797
840,Rasschaert,flemish,795
841,Mortelmans,flemish,794
842,Heyrman,flemish,794
843,Vets,flemish,794
844,Visscher,flemish,794
845,Clement,flemish,792
846,Geenen,flemish,792
847,Geirnaert,flemish,792
848,Debusschere,flemish,791
849,Perre,flemish,790
850,Roggeman,flemish,787
851,Symons,flemish,786
852,Dreesen,flemish,786
853,Bonne,flemish,786
854,Beelen,flemish,786
855,Raymaekers,flemish,783
856,Stuer,flemish,782
857,Putte,flemish,781
858,Saerens,flemish,781
859,Borre,flemish,781
860,Mols,flemish,780
861,Sneyers,flemish,778
862,Vandorpe,flemish,778
863,Persoons,flemish,777
864,Geldof,flemish,777
865,Logghe,flemish,776
866,Daemen,flemish,775
867,Strubbe,flemish,775
868,Stessens,flemish,774
869,Steurs,flemish,773
870,Oosterlinck,flemish,772
871,Bruynseels,flemish,771
872,Jorissen,flemish,771
873,Verleyen,flemish,771
874,Gils,flemish,769
875,Vreese,flemish,769
876,Platteau,flemish,768
877,Ahmad,flemish,767
878,Himpe,flemish,767
879,Rens,flemish,766
880,Impens,flemish,766
881,Li,flemish,765
882,Coolen,flemish,764
883,Meulemeester,flemish,764
884,Vanspauwen,flemish,764
885,Den Bossche,flemish,763
886,Verhasselt,flemish,762
887,Lenaers,flemish,762
888,Becker,flemish,761
889,Thoelen,flemish,761
890,Geers,flemish,760
891,Geboers,flemish,760
892,Ketels,flemish,759
893,Henderickx,flemish,758
894,Verbrugge,flemish,757
895,Everaerts,flemish,756
896,Ameye,flemish,756
897,Hassan,flemish,752
898,Denolf,flemish,752
899,Noten,flemish,751
900,Kesteloot,flemish,750
901,Messiaen,flemish,750
902,Lefever,flemish,749
903,Leyssens,flemish,748
904,Mehmed,flemish,748
905,Buyens,flemish,747
906,Geraerts,flemish,747
907,Heyden,flemish,746
908,Dhaenens,flemish,745
909,Vandevenne,flemish,745
910,Anthonissen,flemish,744
911,Robberechts,flemish,744
912,Delvaux,flemish,743
913,Bourgeois,flemish,743
914,Muylle,flemish,742
915,Jonckers,flemish,740
916,Belleghem,flemish,740
917,Decoene,flemish,739
918,Langhe,flemish,738
919,Vincke,flemish,738
920,Knapen,flemish,738
921,Schockaert,flemish,738
922,Vanoppen,flemish,738
923,Biesemans,flemish,737
924,Neefs,flemish,736
925,Lefevere,flemish,736
926,Buyck,flemish,735
927,Roosbroeck,flemish,734
928,Mieghem,flemish,733
929,Vangenechten,flemish,732
930,Cloet,flemish,732
931,Nollet,flemish,731
932,Koninck,flemish,730
933,Steen,flemish,729
934,Doncker,flemish,729
935,Demeester,flemish,728
936,Meganck,flemish,723
937,Vertongen,flemish,722
938,Verbelen,flemish,722
939,Vroman,flemish,722
940,Donder,flemish,721
941,Wang,flemish,720
942,Aelst,flemish,720
943,Lancker,flemish,720
944,Momand,flemish,717
945,Franssens,flemish,716
946,Heyndrickx,flemish,716
947,Durme,flemish,716
948,Wijns,flemish,716
949,Bauters,flemish,716
950,Kegel,flemish,715
951,Uyttersprot,flemish,715
952,Dorpe,flemish,714
953,Kempeneers,flemish,713
954,Weyer,flemish,712
955,Beeckmans,flemish,710
956,Verschaeren,flemish,710
957,Vylder,flemish,710
958,Joosten,flemish,709
959,Krasniqi,flemish,709
960,Brabander,flemish,708
961,Preter,flemish,707
962,Geelen,flemish,707
963,Ongena,flemish,707
964,Gebruers,flemish,706
965,Beyers,flemish,704
966,Huygen,flemish,704
967,Vandenbosch,flemish,704
968,Meskens,flemish,704
969,Vriese,flemish,704
970,Thielen,flemish,703
971,Taelman,flemish,703
972,Damen,flemish,702
973,Goessens,flemish,702
974,Libbrecht,flemish,702
975,Delrue,flemish,701
976,Schelstraete,flemish,701
977,Kuypers,flemish,700
978,Kuppens,flemish,700
979,Pooter,flemish,699
980,Vandezande,flemish,699
981,Stragier,flemish,699
982,Potter,flemish,698
983,Mondelaers,flemish,696
984,Yaramis,flemish,694
985,Vande Velde,flemish,694
986,Ahmadzai,flemish,693
987,Cutsem,flemish,693
988,Nauwelaerts,flemish,691
989,Keer,flemish,691
990,Saedeleer,flemish,691
991,Mampaey,flemish,690
992,Nguyen,flemish,690
993,Truyen,flemish,687
994,Broux,flemish,687
995,Vreys,flemish,685
996,Schildermans,flemish,685
997,Belder,flemish,684
998,Cuppens,flemish,683
999,Ismail,flemish,682
1000,Eede,flemish,682
